{"cameraMode":{"drawMode":0,"name":"Shaded","section":"Shading Mode"},"sceneLighting":true,"audioPlay":false,"sceneViewState":{"showFog":true,"showMaterialUpdate":false,"showSkybox":false,"showFlares":true,"showImageEffects":true,"showParticleSystems":true},"in2DMode":false,"pivot":{"x":-2.501272678375244,"y":-1.2294890880584717,"z":-1.5500707626342774},"rotation":{"x":-0.09997811168432236,"y":0.8407958149909973,"z":-0.16633610427379609,"w":-0.5053695440292358},"size":10.0,"orthographic":false}